<?xml version="1.0" encoding="UTF-8"?>
<project-private xmlns="http://www.netbeans.org/ns/project-private/1">
    <editor-bookmarks xmlns="http://www.netbeans.org/ns/editor-bookmarks/2" lastBookmarkId="0"/>
    <open-files xmlns="http://www.netbeans.org/ns/projectui-open-files/2">
        <group>
            <file>file:/home/www/LPTI/bootstrap/editarEstoque.php</file>
            <file>file:/home/www/LPTI/bootstrap/produto.php</file>
            <file>file:/home/www/LPTI/bootstrap/perfil.html</file>
            <file>file:/home/www/LPTI/bootstrap/index.html</file>
            <file>file:/home/www/LPTI/bootstrap/telaPrincipal.php</file>
            <file>file:/home/www/LPTI/bootstrap/addEstoque.php</file>
            <file>file:/home/www/LPTI/bootstrap/delete.php</file>
            <file>file:/home/www/LPTI/bootstrap/listarDoacoes.php</file>
            <file>file:/home/www/LPTI/bootstrap/inserirEstoque.php</file>
        </group>
    </open-files>
</project-private>
